标题,链接,作者,出发日期,天数,照片数,人数,玩法,费用,阅读数,点赞数,评论数,图片url,头像url
六首治愈系歌曲，解锁三亚的六种私藏玩法,https://travel.qunar.com/youji/7676984,滢萱,2021-05-07 出发,共4天,251张照片,三五好友,深度游 购物 美食 海滨海岛 夏季,人均5000元,3.7万,4,0,https://tr-osdcp.qunarzz.com/tr-osd-tr-space/img/23209ea7be25a24eb3217b2234aa9aaf.jpg_160x120x95_8eaf540d.jpg,https://qcommons.qunar.com/headshot/headshotsById/136554720.png?s&ssl=true
张家界，凤凰古城：青春路上的美色之旅,https://travel.qunar.com/youji/7676872,dpyi8851,2021-04-14 出发,共7天,221张照片,闺蜜,深度游 美食 古镇,,3608,10,1,https://tr-osdcp.qunarzz.com/tr-osd-tr-space/img/fa3715d92b46f283b8a5eb8132c9f9c8.jpg_160x120x95_52a35182.jpg,https://qcommons.qunar.com/headshot/headshotsById/303163751.png?s&ssl=true
呼伦贝尔大草原｜5日游行程路线，干货分享,https://travel.qunar.com/youji/7676838,爱旅行的皮皮...,2021-05-08 出发,共5天,20张照片,亲子,深度游 美食 暑假 摄影 夏季,人均880元,3584,13,5,https://tr-osdcp.qunarzz.com/tr-osd-tr-mapi/img/5e8d41f8a2e6a7dbab3bff2fc2425f74.jpg_160x120x95_c6ed82e6.jpg,https://qcommons.qunar.com/headshot/headshotsById/421043243.png?s&ssl=true
五一成都,https://travel.qunar.com/youji/7676752,ln000797,2021-05-01 出发,共4天,35张照片,家庭,五一 第一次,人均3000元,3815,20,1,https://tr-osdcp.qunarzz.com/tr-osd-tr-mapi/img/09649bdefdfe928fc24cb46994f97535.jpg_160x120x95_7c5f6e1e.jpg,https://qcommons.qunar.com/headshot/headshotsById/3097268.png?s&ssl=true
【北纬37°梦幻的黄土高坡】2021年51节陕北雨岔.波浪谷.乾坤湾.壶口五日,https://travel.qunar.com/youji/7676582,烂烂的布头,2021-05-01 出发,共5天,386张照片,家庭,环游 美食 端午 五一 自驾 摄影,人均3000元,4562,21,4,https://tr-osdcp.qunarzz.com/tr-osd-tr-space/img/3c7bd078ef5f3360866fea28918e97f0.jpg_160x120x95_ae7ff1b9.jpg,https://qcommons.qunar.com/headshot/headshotsById/148873637.png?s&ssl=true
云南亲子游：带着宝贝踏遍丽江，泸沽湖，香格里拉的美丽土地,https://travel.qunar.com/youji/7676579,ulqs4550,2020-08-21 出发,共8天,219张照片,亲子,深度游 美食 摄影,,3631,12,0,https://tr-osdcp.qunarzz.com/tr-osd-tr-space/img/0ecf5707ffa24e08cc71cc5a88dbf733.jpg_160x120x95_cb34dd10.jpg,https://qcommons.qunar.com/headshot/headshotsById/297214901.png?s&ssl=true
驾寻山河，朝觐阿里,https://travel.qunar.com/youji/7676536,不务正业的赶...,2021-05-13 出发,共40天,144张照片,三五好友,深度游 穷游 摄影 夏季,人均15000元,1782,12,2,https://tr-osdcp.qunarzz.com/tr-osd-tr-space/img/ba46e9a2a269382d3a155d25b5e0ad56.jpg_160x120x95_d477aa7c.jpg,https://qcommons.qunar.com/headshot/headshotsById/275489014.png?s&ssl=true
普陀山东极岛四日游,https://travel.qunar.com/youji/7676109,小妖精,2021-04-28 出发,共5天,36张照片,闺蜜,五一 摄影,人均3000元,1.4万,17,2,https://tr-osdcp.qunarzz.com/tr-osd-tr-mapi/img/3a36906c6a17183a71e3ed05500c3784.jpg_160x120x95_b8c3230a.jpg,https://qcommons.qunar.com/headshot/headshotsById/279368786.png?s&ssl=true
十一日游五城,https://travel.qunar.com/youji/7676077,ykum1334,2021-04-25 出发,共11天,439张照片,,五一 自驾,人均4000元,267,1,0,https://tr-osdcp.qunarzz.com/tr-osd-tr-mapi/img/4a2b1585e03fa3df64f4855156e075c6.jpg_160x120x95_a9f718c9.jpg,https://qcommons.qunar.com/headshot/headshotsById/190413427.png?s&ssl=true
九寨，熊猫，太空舱，这才是四川的野趣之路的正确打开方式,https://travel.qunar.com/youji/7676028,任袁泰山,2021-05-10 出发,共5天,152张照片,亲子,深度游 五一 自驾 暑假,人均3000元,5521,34,3,https://tr-osdcp.qunarzz.com/tr-osd-tr-space/img/7626797f292520cb72f0807ea531aeec.jpg_160x120x95_2ead6c16.jpg,https://qcommons.qunar.com/headshot/headshotsById/124653332.png?s&ssl=true
如何在三亚度过一个完美的周末？近万字保姆级攻略来啦,https://travel.qunar.com/youji/7675915,胖米的好时光,2021-05-10 出发,共1天,114张照片,,美食 短途周末,,1.3万,23,3,https://tr-osdcp.qunarzz.com/tr-osd-tr-space/img/57e4d4924a5a3f172ff273421e132274.jpg_160x120x95_dff707ca.jpg,https://qcommons.qunar.com/headshot/headshotsById/142581073.png?s&ssl=true
三亚旅行攻略——开启2021第一浪，深度探寻三亚湾、亚龙湾、海棠湾旅游攻略,https://travel.qunar.com/youji/7675872,Lucas学长,2021-05-10 出发,共7天,106张照片,,探险,人均5000元,7713,24,2,https://tr-osdcp.qunarzz.com/tr-osd-tr-space/img/9a08a45330cd4db1e9028cc4fc6fb009.jpg_160x120x95_89059098.jpg,https://qcommons.qunar.com/headshot/headshotsById/324718005.png?s&ssl=true
呼伦贝尔大草原，春暖花开 ，奔你而来——寻梦呼伦贝尔大草原,https://travel.qunar.com/youji/7675859,光年之外,2021-05-10 出发,共1天,262张照片,,,,5819,31,2,https://tr-osdcp.qunarzz.com/tr-osd-tr-space/img/a08deb211d409dc994876b263ccd7354.jpg_160x120x95_dd614b5f.jpg,https://qcommons.qunar.com/headshot/headshotsById/364073823.png?s&ssl=true
延安——西安五天自驾游,https://travel.qunar.com/youji/7675807,Sarah__Liu,2021-04-30 出发,共5天,121张照片,家庭,五一 自驾,人均1800元,1.9万,29,7,https://tr-osdcp.qunarzz.com/tr-osd-tr-mapi/img/22426171503fc488a3b9c53cd95a6414.jpg_160x120x95_cc034472.jpg,https://qcommons.qunar.com/headshot/headshotsById/259476491.png?s&ssl=true
呼伦贝尔大草原，这个夏天，跳进绿色海洋里吧！呼伦贝尔大草原,https://travel.qunar.com/youji/7675539,富士山下,2021-05-08 出发,共7天,168张照片,情侣,深度游 美食 暑假 摄影 夏季,人均3500元,7871,32,6,https://tr-osdcp.qunarzz.com/tr-osd-tr-space/img/926e5f134de544e32a35cbcef1d8cc39.jpg_160x120x95_9c6151f5.jpg,https://qcommons.qunar.com/headshot/headshotsById/342136865.png?s&ssl=true
呼伦贝尔大草原，嘿！你见过草原吗｜遇见呼伦贝尔大草原，满眼都是柔情,https://travel.qunar.com/youji/7675529,富士山下,2021-05-08 出发,共7天,178张照片,三五好友,深度游 美食 暑假 摄影 夏季,人均3500元,7381,25,3,https://tr-osdcp.qunarzz.com/tr-osd-tr-space/img/8c506ff1c90e8498e04c16e8793c700c.jpg_160x120x95_174296ba.jpg,https://qcommons.qunar.com/headshot/headshotsById/342136865.png?s&ssl=true
呼伦贝尔大草原，逃离火炉城市，一路向北，走进25度呼伦贝尔大草原,https://travel.qunar.com/youji/7675490,富士山下,2021-05-08 出发,共7天,234张照片,三五好友,深度游 美食 暑假 摄影 夏季,人均3652元,9357,22,5,https://tr-osdcp.qunarzz.com/tr-osd-tr-space/img/1a05dfacf8372d2f14c41e595c05792f.jpg_160x120x95_35d8bc15.jpg,https://qcommons.qunar.com/headshot/headshotsById/342136865.png?s&ssl=true
奔跑在呼伦贝尔大草原，亿万星空的温暖拥抱，呼伦贝尔大草原,https://travel.qunar.com/youji/7675424,梧桐树下,2021-05-08 出发,共7天,291张照片,三五好友,深度游 端午 摄影 夏季,人均3500元,7605,33,5,https://tr-osdcp.qunarzz.com/tr-osd-tr-space/img/df34db661e2ad847bad7454b6fc9d266.jpg_160x120x95_d2afe5c8.jpg,https://qcommons.qunar.com/headshot/headshotsById/342251630.png?s&ssl=true
源垣的西北疆一次说走就走的旅行,https://travel.qunar.com/youji/7675262,叶至秋,2021-05-01 出发,共4天,76张照片,家庭,五一 自驾 摄影,人均2000元,984,7,0,https://tr-osdcp.qunarzz.com/tr-osd-tr-space/img/472132075e8c0e7b28b703529ce6830d.jpg_160x120x95_d3d5189c.jpg,https://qcommons.qunar.com/headshot/headshotsById/122071264.png?s&ssl=true
景德镇潮玩之旅：瓷都非遗说不完的千年故事,https://travel.qunar.com/youji/7675231,corain君君,2021-05-03 出发,共3天,208张照片,,古镇,,10.7万,44,5,https://tr-osdcp.qunarzz.com/tr-osd-tr-space/img/e592744d4a9564fccd35f1437d529ef3.jpg_160x120x95_08be1740.jpg,https://qcommons.qunar.com/headshot/headshotsById/231632216.png?s&ssl=true
